21 Dec 2015;11:17 PM;@ranggi87pratama;"Ini baru namanya safety riding.
#safetyriding dagelan @gojekindonesia #ranggilaz #saveojekonline… https://www.instagram.com/p/_ld3UwR4Yx/ ";False;;;;/ranggi87pratama/status/679199121358594048
21 Dec 2015;7:10 AM;@tantitrianaa;#saveojekonline;False;;;;/tantitrianaa/status/678955602375139329
19 Dec 2015;4:48 AM;@vienisaa;@Ardin_dindindin @freell_ @frennadya hahaha jangan jangan mama ojek online kii :v #saveojekonline;True;;;;/vienisaa/status/678195170744004609
19 Dec 2015;1:20 AM;@kickyn;Yuk share apa saja sisi positif ojek online #SaveOjekOnline;False;;;;/kickyn/status/678142825037365249
19 Dec 2015;1:02 AM;@koeztri;Ketika ojek online dilarang muncul tagar #SaveGojek #SaveOjekOnline , akan adakah tagar sejenis saat metro mini dikandangin;False;;;;/koeztri/status/678138333688520705
18 Dec 2015;8:24 PM;@ardiyad;Mau nonton naik #saveojekonline liat R2D2 di starwars #NET_entertainment @ENews_NET #ENEWSTIKETSTARWARS dapat tiket sekalian mendukung;False;;;;/ardiyad/status/678068480709558272
18 Dec 2015;2:11 PM;@kosim_rawrk;@jokowi #SaveOjekOnline segera panggil menhub utk menyelesaikan mslh ini pak, kalo gojek sampai dilarang, tmbh bnyk rakyat nganggur;True;;;;/kosim_rawrk/status/677974404580577280
18 Dec 2015;6:38 AM;@skys_fallin;#SaveGrabbike #SaveGrabcar #SaveGojek #SaveOjekOnline #thethreatofunemploymenthttps://twitter.com/jokowi/status/677695066920587264 …;False;;;;/skys_fallin/status/677860496280649728
18 Dec 2015;5:41 AM;@asrovsoerasov;Banyak preman pensiun dan beralih menjadi driver ojek online..#SaveOjekOnline;False;;;;/asrovsoerasov/status/677846271269330944
18 Dec 2015;5:40 AM;@asrovsoerasov;Ojek online itu membantu pemerintah mengurangi pengangguran..#SaveOjekOnline;False;;;;/asrovsoerasov/status/677845960454569984
18 Dec 2015;4:28 AM;@APPFfilter;@jokowi ayo Pak revisi UULLAJ wadahi R2 sbg alat transportasi umum terbatas dan hrs berbentuk korporasi.#SaveGojek #SaveOjekOnline;False;;;;/APPFfilter/status/677827783888797696
18 Dec 2015;4:23 AM;@APPFfilter;Pak@jokowi @IgnatiusJonan ojek OL sebaiknya dlm btk korporasi n btggjawab atas armada,driver dan penumpang #SaveOjekOnline #SaveGojek;False;;;;/APPFfilter/status/677826542651641856
18 Dec 2015;4:17 AM;@APPFfilter;Pak@jokowi @IgnatiusJonan ojek OL pasti akan bertransformasi alamiah saat transportasi massal murah dan mencukupi#SaveGojek #SaveOjekOnline;False;;;;/APPFfilter/status/677824973335990273
18 Dec 2015;4:14 AM;@APPFfilter;Pak@Jokowi @IgnatiusJonan kami dukung bikin payung hukum u/ atur R2 jd transportasi umum terbatas.#SaveGojek #SaveOjekOnline #SaveGrabBike;False;;;;/APPFfilter/status/677824343955509249
18 Dec 2015;4:10 AM;@APPFfilter;Pak@jokowi saatnya revisi UULAJ #SaveGojek #SaveOjekOnline #SaveGrabBike salut buat pak @IgnatiusJonan perbaiki #TransportasiUmum;False;;1;1;/APPFfilter/status/677823261653118976
18 Dec 2015;3:46 AM;@HansGultom;Sangat disayangankan jika ojek online ditiadakan, padahal masyarakat sangat membutuhkan alat transportasi ini. #SaveOjekOnline;False;;1;1;/HansGultom/status/677817243057577984
18 Dec 2015;3:45 AM;@AlbertTjoe;@boediono thank you Om! #saveojekonline;True;;;;/AlbertTjoe/status/677816933954138112
18 Dec 2015;3:19 AM;@alleshutapea;Dirjen Perhubungan Darat n Menhub..JGN HNY BLG TEORI..TERJUN LSG ke LAPANGAN..LIAT SPT apa,ANGKUTAN UMUM yg ada di JLN!#saveojekonline;False;;;;/alleshutapea/status/677810412843208704
18 Dec 2015;3:03 AM;@anisaiwiw;yoshaaaaaa berita tentang ojek online sudah di cabut. pulang pkl bisa naik gojek lagiiii. tq menhub. walau cukup labil -_-  #SaveOjekOnline;False;;;;/anisaiwiw/status/677806469253758977
18 Dec 2015;2:51 AM;@helgapurple;#SaveOjekOnline  - Bubble Trouble (with Patricia) — https://path.com/p/34lMbL ;False;;;;/helgapurple/status/677803385752391680
18 Dec 2015;2:46 AM;@hasbiroeadhja;"#SaveOjekOnline aturan omong kosong.. tinggal suruh bikin ijin aja kok repot...
ojek harus plat kuning... alasan aja ente";False;;;1;/hasbiroeadhja/status/677802221094834176
18 Dec 2015;2:23 AM;@Astrimars;@ Masyarakat Ungkapkan Kekecewaan Lewat #SaveOjekOnline  https://t.co/pOscMaATDEr .b. H bbnn asyikkkk vz l,xd f v  ,;False;;;;/Astrimars/status/677796230777311232
18 Dec 2015;2:16 AM;@Fenrilarinda;Ojek dan taksi online di tutup,dengan adanya mereka kan org2 ga perlu susah2 lg mikirin transportasi apalagi org kantoran #SaveOjekOnline;False;;;;/Fenrilarinda/status/677794627747864576
18 Dec 2015;2:06 AM;@anisaiwiw;kalo gojek or ojek online lainnya sudah di tidak-adakan. kira2 pak menhub ada solusi lain. #SaveGojek #SaveOjekOnline;False;;;;/anisaiwiw/status/677792134842351616
18 Dec 2015;2:04 AM;@anisaiwiw;trus kalo gojek udah gak ada gue pulang pkl naek apaaaaaaaaa. #SaveOjekOnline #SaveGojek #SaveGojek #SaveGojek #SaveGojek #SaveOjekOnline;False;;;;/anisaiwiw/status/677791487849988096
18 Dec 2015;1:57 AM;@aktualitascom;http://aktualitas.com/presiden-ojek-online-masih-dibutuhkan-masyarakat/ … #SaveGojek #SaveOjekOnline;False;;;;/aktualitascom/status/677789758249164800
18 Dec 2015;1:56 AM;@RumpiBangets;"gojek idaman masyarakat dn sngat membantu? msalahnya dmana?
#SaveGojek #SaveOjekOnline #gojek #indonesia #follobackpic.twitter.com/2bFtfE1hl4";False;;;;/RumpiBangets/status/677789550085820416
18 Dec 2015;1:52 AM;@tyo_ontheroad;Emg nya udh punya lapangan kerja sbg gantinya online? #SaveGojek #SaveOjekOnline #GoRakyat;False;;;;/tyo_ontheroad/status/677788415094484992
18 Dec 2015;1:47 AM;@tyo_ontheroad;>200rb driver ojek online akan jd pengangguran dan kriminalitas melonjak, jk ojek online di larang #SaveGojek #SaveOjekOnline #GoRakyat;False;;;;/tyo_ontheroad/status/677787172628369408
18 Dec 2015;1:43 AM;@ayuwindari06;#saveGoJek #SaveGoJek #SaveOjekOnline #SaveOjekOnline;False;;;;/ayuwindari06/status/677786330785447936
18 Dec 2015;1:42 AM;@Faisal_K21;Selama rakyat msh nyman dan aman dgn penggunaan transportasi berbasis aplikasi(0nline) itu suara rakyat #SaveOjekOnline #SaveGojek #Gorakyat;False;;;;/Faisal_K21/status/677786107963006978
18 Dec 2015;1:39 AM;@Jokowi_JK_Ahok;Dilarang Pemerintah, Masyarakat Ungkapkan Kekecewaan Lewat #SaveOjekOnline http://youtu.be/QRM728EFYn4?a ;False;;;;/Jokowi_JK_Ahok/status/677785348727029760
18 Dec 2015;1:38 AM;@angga_ella;Berita online hari ini hingga jam ini tentang gojek tembus 235 berita #SaveOjekOnline;False;;;;/angga_ella/status/677785110846935040
18 Dec 2015;1:34 AM;@yansen_siregar;bukan jalan tengah, BALIK LAGI KE YANG LAMA SETELAH DI PROTES! #SaveOjekOnline https://twitter.com/WartaEkonomi/status/677760107774476293 …;False;;;;/yansen_siregar/status/677784069384609792
18 Dec 2015;1:30 AM;@Andi_Pangerang_;"Kalau ojek online dilarang gara2 gak roda 3 , jadiin aja BECAK MOTOR...
#savegojek #saveojekonline";False;;;;/Andi_Pangerang_/status/677782886724927488
18 Dec 2015;1:25 AM;@faruqi_31;jangan terlalu terburu memutuskan sesuatu, jangan sampai berat sepihak apalagi menyusahkan masy akhirnya #saveojekonline;False;;;;/faruqi_31/status/677781844230737920
18 Dec 2015;1:25 AM;@deeccee7;Fix!!! Ojek online tetep beroperasi, thankyouu pak#SaveGojek #SaveOjekOnline;False;;;;/deeccee7/status/677781765344198656
18 Dec 2015;1:12 AM;@yunusMakNyos;#SaveGojek #SaveOjekOnline .    Jual Lampu Emergency model petromah https://www.tokopedia.com/gobid/lampu-emergency-model-petromah …pic.twitter.com/t2LKPhz6P8;False;;;;/yunusMakNyos/status/677778461633593344
18 Dec 2015;1:10 AM;@yunusMakNyos;#SaveGojek #SaveOjekOnline     Jual Flashdisk Pulpen 8GB + box eksklusif  https://www.tokopedia.com/gobid/flashdisk-pulpen-8gb-box-eksklusif-bisa-laser-pointer-1 …pic.twitter.com/7hX7KQoh0n;False;;;;/yunusMakNyos/status/677777989526884352
18 Dec 2015;1:09 AM;@AniVolta;#SaveGojek #SaveOjekOnline;False;;;;/AniVolta/status/677777731363463168
18 Dec 2015;1:08 AM;@shifawulandarsi;#SaveOjekOnline #SaveGojek;False;;;;/shifawulandarsi/status/677777536814735361
18 Dec 2015;1:08 AM;@yunusMakNyos;#SaveGojek #SaveOjekOnline     Jual Jam tangan murah https://www.tokopedia.com/gobid/jam-tangan-murah …pic.twitter.com/qmwoCMlIGq;False;1;;;/yunusMakNyos/status/677777478375489536
18 Dec 2015;1:07 AM;@yunusMakNyos;#SaveGojek #SaveOjekOnline     Jual Tirai magnet Anti Nyamuk https://www.tokopedia.com/gobid/tirai-magnet-anti-nyamuk …pic.twitter.com/jeno8r4ikg;False;;;;/yunusMakNyos/status/677777222938193920
18 Dec 2015;1:05 AM;@M2eRadio;pengalaman lo naik angkutan online apa sih? mention dg #SUKASUKA #SaveOjekOnline;False;;;;/M2eRadio/status/677776602705588224
18 Dec 2015;1:04 AM;@jacklynsuwargo;Yg bnr itu ojek biasa jd ojek ol jd biar gak getok hrg trs angkot2 yg nyetir nya ugal2an ditertibkan lg...#SaveGojek #SaveOjekOnline;False;;;;/jacklynsuwargo/status/677776457158946817
18 Dec 2015;12:51 AM;@InIndi;Ojek itu dibutuhkan bukan krna aturan rakyat jadi susah harusnya ditata biar jauh lebih baik. #SaveOjekOnline;False;;;;/InIndi/status/677773235425906688
18 Dec 2015;12:37 AM;@YogaYMPBetawi;"Sangat membantu 'kita' #SaveOjekOnline
#SaveGojek #SaveGrabBike #SaveBluJek
#BringManUnitedToIndonesia";False;;;;/YogaYMPBetawi/status/677769629104779265
18 Dec 2015;12:36 AM;@purikartika_ea4;Pelarangan Go Jek online #saveojekonline http://youtu.be/vq5RfpxQ3hI?a ;False;;;;/purikartika_ea4/status/677769427643990016
18 Dec 2015;12:12 AM;@diangendhis;#SaveOjekOnline;False;;;;/diangendhis/status/677763306023596032
18 Dec 2015;12:09 AM;@Oedin12_JKT;"Kenapa #SaveGojek bukan nya #SaveOjekOnline atau #SaveGrabike? 
Karena yang anak kecil kenal dikampung itu cuma GOJEK";False;;;;/Oedin12_JKT/status/677762633840201728
18 Dec 2015;12:09 AM;@trisyasetyowati;#SaveGojek #SaveGojek #SaveGojek #SaveGojek #SaveGojek #SaveGojek #SaveGojek #SaveGojek #Saveojekonline #Saveojekonline #Saveojekonline;False;;;;/trisyasetyowati/status/677762567415193600
17 Dec 2015;11:56 PM;@trisyasetyowati;Gojek itu = Kebutuhan penting di Ibu Kota Jakarta, yakalau ngga ada gojek bingung lah #SaveGojek #Saveojekonline #saveblujek #SaveGojek;False;;;;/trisyasetyowati/status/677759338396692481
15 Dec 2016;8:13 AM;@ferrysaylendra;"mitra seperti kacung semena mena
dengar pak @jokowi @basuki_btp @ @Dishubtrans_DKI @TMCPoldaMetro @AgusYudhoyono @KompasTV #saveojekonline pic.twitter.com/oGr8WqfaQz";False;;;;/ferrysaylendra/status/809431188901199873
13 Sep 2016;6:27 AM;@syifa_afiys04;Balese kesuwun. Keburu ngeleh! #saveojekonline;False;;;;/syifa_afiys04/status/775687459648614400
1 Aug 2016;8:18 PM;@herawida;Cuma wanita independen rantau yang ngerti peran penting ojek online pas sakit dan gak bisa bergerak kayak gini #SaveOjekOnline;False;;;;/herawida/status/760313835064393728
27 Mar 2016;6:42 PM;@angginph;This app such an angel when i'm in hurry like this, bekasi - kemayoran with grabbike #saveojekonline  [pic] — https://path.com/p/qsqIP ;False;;;;/angginph/status/714266314974494721
22 Mar 2016;8:26 AM;@garryyeung;#PercumaGratis #SaveOjekOnline pic.twitter.com/aFKTzerpUe;False;;1;1;/garryyeung/status/712299537210089473
22 Mar 2016;2:48 AM;@PenggilinganArt;kalo.mimin sih ttp order ojek online dan ga tkt sama.sekali sama org pecundang yg ga mau bersaing dan kreatif .. #SaveOjekOnline #SaveGoJek;False;;2;1;/PenggilinganArt/status/712214468571189248
22 Mar 2016;1:28 AM;@virrakwr;"Kenasyi
#saveojekonline [pic] — https://path.com/p/1ST1k6 ";False;;;;/virrakwr/status/712194105531457536
21 Mar 2016;11:06 PM;@abcdewin;#BoikotTaksiKonvensional #SaveOjekOnline #SaveGrabCar #SaveUber #StopDemoAnarkispic.twitter.com/3TGFb0CP3V;False;;1;1;/abcdewin/status/712158570809196546
21 Mar 2016;10:19 PM;@nikenroura;Tolong dong pak kenapa jadi perang saudara begini ?? #saveojekonline;False;;;;/nikenroura/status/712146690195599362
15 Mar 2016;6:32 AM;@molana07;"@ILC_tvone 
Boss mau maju kok di cekal.Emang ojek pgklan byar ijin operasi ? #negeribodoh #saveojekonline
@jokowi @KRMTRoySuryo";False;2;2;1;/molana07/status/709734115679940610
8 Jan 2016;4:13 AM;@saefulanwar0702;@Dewi_Aninditha #SaveOjekOnline;True;;;;/saefulanwar0702/status/685434219758284800
27 Dec 2017;11:44 PM;@abeelyaza;4 cerita ojek online yang viral ditahun 2017 #saveojekonline http://www.transonlinewatch.com/inilah-4-cerita-ojek-online-paling-viral-sepanjang-2017/ … menurutmu, km lbh suka cerita yg mana @Kesya_Kimberley @Paijo_Gemes;False;;9;1;/abeelyaza/status/946285693113810944
26 Dec 2017;6:08 AM;@indratopa;Renungan untuk kita semua. #SaveOjekOnline #gojekindonesia. @ Bandung https://www.instagram.com/p/BdKxLNNliTt8BCiCp0AVqXwNlWZYXhbZgug0980/ …;False;;;;/indratopa/status/945657665203687425
26 Dec 2017;6:06 AM;@indratopa;Renungan untuk kita semua. #SaveOjekOnline. @ Bandung https://www.instagram.com/p/BdKw22RFIAJlCGASq19IkrlrW7Qgt3de1kMDpI0/ …;False;;;;/indratopa/status/945656971394539520
23 Dec 2017;12:41 AM;@deddot05;ini draft pasti yang bikin orang2 yg tidak siap bersaing secara sehat #savetransportasionline #saveojekonline cc @yudi_mas @HelgaWorottjan;True;;;;/deddot05/status/944488069029289984
23 Dec 2017;12:29 AM;@Vita_lchow;Sensi banget sih ni perwali. *aneh #savetransportasionline #saveojekonline;True;1;;;/Vita_lchow/status/944485168252776448
23 Dec 2017;12:28 AM;@andiksujitno;Busyett nih perwali, woyy,,, driver ojek online itu warga anda juga pak, napa kok keliatan banget keberpihakan anda sama organda #saveojekonline;True;;;;/andiksujitno/status/944484914321170433
23 Dec 2017;12:18 AM;@Indah_GDS;Nggak habis pikir dgn perwali yg dibuat oleh walkot balikpapan @PemkotBPN @Dishub_Bpn kalau semua tempat dilarang, lalu, ojek online ngambil penumpang dimana? Kuburan? ini memihak pada organda namanya. @kaltimpost @deddot05 #saveojekonline #savetransportasionlinepic.twitter.com/kYHHvJJ3RN;False;3;9;1;/Indah_GDS/status/944482295418781697
22 Dec 2017;1:44 AM;@abeelyaza;Jangan hanya kemauan opang yg didengerin, tapi kemauan ojol juga dunk. @halus24 @DishubDKI_JKT http://www.transonlinewatch.com/memohon-haji-lulung-opang-minta-tidak-terlalu-dekat-ojol/ … #saveojekonline;False;;;;/abeelyaza/status/944141551311110144
21 Dec 2017;10:37 PM;@abeelyaza;Metromoni tabrak sejumlah motor, 1 orang tewas dan 3 korban luka-luka. Duhh #saveojekonline @Paijo_Gemes pic.twitter.com/GwBMuXyABW;False;;;;/abeelyaza/status/944094463722340352
21 Dec 2017;12:46 AM;@RahyaMaya;Ya jelas wajar para driver ojek online protes peraturan ini... Kenapa sih menyusahkan para driver ojek online... #SaveOjekOnline @DriverGojekPro @gojekmalang @DramaGojek @RiderPetualang @GoTotheJek @GojekPalembangpic.twitter.com/lwWe0tmGhF;False;;3;;/RahyaMaya/status/943764507926466565
20 Dec 2017;7:50 PM;@abeelyaza;Bang @BimaAryaS kenapa ada berpihakan begini, apa bedanya angkot dengan ojek online, napa cuma ojek online yg disuruh bayar klo angkot nggak, #saveojekonline @PemkotaBogor @Kesya_Kimberley @Grace_Ayudiapic.twitter.com/ab77xdn0w1;False;;9;1;/abeelyaza/status/943690071311392769
20 Dec 2017;12:40 AM;@abeelyaza;Aseek, bntar lagi pengguna Go-Jek bisa menikmati layanan musik gratis dari joox. kurang apa coba naik gojek? #saveojekonline @Grace_Ayudiahttp://www.transonlinewatch.com/kabar-gembira-pengguna-go-jek-dapat-menikmati-musik-gratis-joox/ …;False;;;;/abeelyaza/status/943400804953735168
19 Dec 2017;1:12 AM;@tatha_norman;wahh lek ngene wes gag onok orderan go food KFC dan McD..#saveojekonline;True;;;;/tatha_norman/status/943046365747167232
18 Dec 2017;7:42 PM;@abeelyaza;Wah, kacau nih driver grab, demi perempuan lain rela meninggalkan anak istri. @GrabId tolong nih ditindaklanjuti. #saveojekonline #hapusgrab @Paijo_Gemes @Grace_Ayudia @KomnasPerempuanhttp://www.transonlinewatch.com/kacau-driver-grab-tinggalkan-anak-dan-istri-demi-wanita-lain/ …;False;2;9;1;/abeelyaza/status/942963398249086976
15 Dec 2017;11:53 PM;@Indah_GDS;Duh lalala,, cemburu dan menduga jadi selingkuhan istrinya, pria ini tega mengirimi bom @MitraGojek1 untuk para driver ojek online hati2 klo terima orderan go-send ya http://www.transonlinewatch.com/waduh-gunakan-ojek-online-pria-kirim-bom-selingkuhan-istrinya/ … #saveojekonline @Kesya_Kimberley;False;;10;2;/Indah_GDS/status/941939241952583680
15 Dec 2017;11:11 PM;@Indah_GDS;Hello para driver ojek online, hati2 ya klo berkendara, jgn sampai apa yg dialami oleh driver ojol Semarang terulang lagi #saveojekonline utamakan keselamatan http://www.transonlinewatch.com/mengerem-mendadak-driver-ojek-online-semarang-tewas-dilindas-truk/ … @Paijo_Gemes @infosemarang_id;False;;10;;/Indah_GDS/status/941928771929571329
15 Dec 2017;8:44 PM;@abeelyaza;Salut untuk driver ojek online, yg tetap membantu angkot mogok, perselisihan diantara mereka tak membuat driver ojek online tdk bersimpati dgn apa yg menimpa driver angkot. #saveojekonline http://www.transonlinewatch.com/salut-sering-berselisih-ojek-online-bantu-dorong-angkot-mogok-semarang/ … @infosemarang @Paijo_Gemes;False;;;;/abeelyaza/status/941891826910298112
15 Dec 2017;5:41 AM;@AnnisaSeptiayu;http://bit.ly/2zeEJvg  Heran deh aku, masih saja ada aksi intimidasi dan persekusi ke driver ojek online di Semarang... #SaveOjekOnline @KotaSMG @ganjarpranowo @hendrarprihadi @provjateng @yunantyo2 @DamarJuniarto @alvinlie21 @masinusina @SovietFoxtrotpic.twitter.com/jL9oIS0cQY;False;;3;;/AnnisaSeptiayu/status/941664512951775232
13 Dec 2017;10:52 PM;@Indah_GDS;Nih tanggapan warga medan saat angkot mogok @organda_id @shafruhan #saveojekonline http://www.transonlinewatch.com/warga-medan-sindir-angkot-mogok-nggak-masalah-masih-ada-angkutan-online/ … tak perlulah kseringan demo, bisa mematikan rezeki sendiri @Kesya_Kimberley;False;1;;;/Indah_GDS/status/941199315841642497
13 Dec 2017;9:25 PM;@abeelyaza;Kapolsek medan baru menghimbau para driver ojek online tdk memakai atribut, dikhawatirkan terjadi kericuhan lagi. @infomedan @gojekmedan21 @Paijo_Gemes #saveojekonline http://www.transonlinewatch.com/alasan-yusuf-mansur-gandeng-perusahaan-asal-malaysia-grab/ …;False;;9;1;/abeelyaza/status/941177421704806400
12 Dec 2017;10:10 PM;@abeelyaza;Semoga pemkot dan dishub Mdan bisa menemukan solusi untuk transportasi online dan konvensional, supaya warga Medan tidak lagi jadi korban krn terlantar akibat demo. @dishubmedanPPNK #savetransportasionline #saveojekonline @Kesya_Kimberleyhttp://www.transonlinewatch.com/dishub-dan-kepolisian-kota-medan-angkut-penumpang-terlantar-imbas-demo-sopir-angkot/ …;False;;9;1;/abeelyaza/status/940826280915865601
11 Dec 2017;9:47 PM;@andiksujitno;Innalillahi wa inna ilaihi rojiun, ini pelajaran buat para driver ojek online, untuk menepi kalau dalam keadaan ngantuk, nanti akibatnya fatal spt yg dialami oleh driver grab ini. #saveojekonline utamakan keselamatan http://www.transonlinewatch.com/diduga-ngantuk-driver-grabbike-tabrak-mobil-bsd/ … @Paijo_Gemes;False;;10;1;/andiksujitno/status/940458026963673088
11 Dec 2017;9:00 PM;@abeelyaza;Waduh, transportasi online dilarang beroperasi oleh pemkot Probolinggo. Kenapa bisa begitu @infoprobolinggo @Grace_Ayudia http://www.transonlinewatch.com/waduh-pemkot-probolinggo-melarang-ojek-online/ … #savetransportasionline #SaveOjekOnline;False;;9;1;/abeelyaza/status/940446310125133824
11 Dec 2017;7:51 PM;@Indah_GDS;Sebagai agen pengawas, bawaslu Jabar gandeng ojek online. http://www.transonlinewatch.com/bawaslu-jabar-gandeng-ojek-online-jadi-agen-pengawas/ … #saveojekonline @elpanjullo @infojabar;False;;9;1;/Indah_GDS/status/940428961644871680
11 Dec 2017;7:17 PM;@abeelyaza;Ojek online jadi pilihan yg tepat untuk mahasiswa utk menambah uang jajan. #saveojekonline banyak manfaat utk masyarakat luas. http://www.transonlinewatch.com/inilah-14-pekerjaan-sampingan-cocok-mahasiswa-jadi-penulis-freelance-sampai-driver-ojek-online/ … @Kesya_Kimberley @Paijo_Gemes @hubdat151;False;;9;1;/abeelyaza/status/940420278055616512
11 Dec 2017;12:50 AM;@Indah_GDS;"Pengusaha dan pengemudi angkot di Padang demo angkutan online, gmn dgn warga padang sendiri?
http://www.transonlinewatch.com/ratusan-pengemudi-dan-pengusaha-angkot-padang-demo-tolak-angkutan-online/ … #saveojekonline Padang @InfoPadang_ @Paijo_Gemes";False;;;;/Indah_GDS/status/940141638290087936
11 Dec 2017;12:18 AM;@abeelyaza;Ademmm liat ojek online dan konvensional damai begini. Top pak @ganjarpranowo @infojateng http://www.transonlinewatch.com/patut-ditiru-berdamai-ojol-dan-opang-jateng-latihan-safety-riding-bareng/ … @Kesya_Kimberley kita doakan daerah yg lain bisa adem begini. #saveojekonline;False;;9;1;/abeelyaza/status/940133652096172032
10 Dec 2017;7:34 PM;@abeelyaza;Turut mengapresiasi loyalitas BPJS yg merayakan ulang tahunnya bersama para driver Gojek. ini adalah bukti klo BPJS ketenagakerjaan perduli dgn keselamatn dan kesehatan para driver ojek online. #saveojekonline @Paijo_Gemes http://www.transonlinewatch.com/bpjs-ketenagakerjaan-samarinda-rayakan-ulang-tahun-40-bersama-driver-go-jek/ …;False;;9;1;/abeelyaza/status/940062237414211590
8 Dec 2017;11:34 PM;@Indah_GDS;Ini alasan ojol ngetem di bahu jalan dan didepan stasiun http://www.transonlinewatch.com/alasan-ojek-online-memilih-ngetem-bahu-jalan-dan-depan-stasiun/ … #SaveOjekOnline @Paijo_Gemes;False;;10;2;/Indah_GDS/status/939397729687445505
8 Dec 2017;10:26 PM;@abeelyaza;buat para customer, sebelum ngeluh nih baca !! #saveojekonline @Paijo_Gemes http://www.transonlinewatch.com/buat-customer-ojek-online-masih-mengeluh-baca-cerita/ …;False;;9;1;/abeelyaza/status/939380589802659840
8 Dec 2017;3:21 AM;@elpanjullo;Aye memang bukan warga Balikpapan, tapi aye gedeg sama isi Perwali Balikpapan ini... Ojek Online kok dibikin repot... Madikipe memang!! tolong warga Balikpapan kasih tahu dah ke Walikota Balikpapan... Perwalinya kagak banget dah!! #SaveOjekOnline pic.twitter.com/qhnt15rf92;False;;6;3;/elpanjullo/status/939092466560483328
7 Dec 2017;11:53 PM;@Indah_GDS;Itu artinya msyarakat Jateng nyaman dan puas dgn pelayanan transportasi online. Pak @ganjarpranowo mohon diperhatikan para driver2 online ini pak  @infojateng #savetransportasionline #saveojekonline http://www.transonlinewatch.com/berdasarkan-hasil-survei-diskominfo-jateng-masyarakat-lebih-memilih-transportasi-online-daripada-konvensional/ … @abeelyaza @elpanjullo;False;1;9;1;/Indah_GDS/status/939040290609946624
7 Dec 2017;11:32 PM;@kumalasan_dy;Kalo peraturan walikota begini sama driver ojek online, apa ga memihak ini namanya pak? kalo semua tempat dilarang, kita nariknya dimana pak? @Balikpapanku @InfoBalikpapan @Paijo_Gemes #SaveOjekOnline Kita bekerja untuk anak istri pak, tolonglah jgn persulit kami. pic.twitter.com/bTkZDSSIPb;False;1;9;2;/kumalasan_dy/status/939034832000004097
7 Dec 2017;8:11 PM;@abeelyaza;Udah kadung seneng ojek online legal di balikpapan, ternyata isi perwalinya begini. Berasa jadi anak tiri di negeri sendiri, ternyata masih ada keberpihakan pada organda @Balikpapanku @Kesya_Kimberley @deddot05 #SaveOjekOnline @hubdat151 @PemkotBPNpic.twitter.com/gd9he5ScAm;False;2;1;;/abeelyaza/status/938984441744994304
7 Dec 2017;1:12 AM;@AnnisaSeptiayu;http://bit.ly/2nChUhw  Gila! Ojek pangkalan makin gila... Sudah tidak benar ini.... #SaveOjekOnline @infomanado @baciritaID @ILoSanre @danrem @andreOPApic.twitter.com/1cEl1CZezB;False;;4;;/AnnisaSeptiayu/status/938697689172099073
6 Dec 2017;9:59 PM;@Indah_GDS;@PemkotBPN keren banget, dengar dikeluarkan perwali, maka ojek online di balikpapan menjadi legal. #Saveojekonline @Kesya_Kimberley @elpanjullo http://www.transonlinewatch.com/alhamdulillah-ojek-online-diizinkan-beroperasi-balikpapan/ … semoga daerah2 yg lain menyusul @gojekindonesia;False;;9;1;/Indah_GDS/status/938649048117940224
5 Dec 2017;7:12 PM;@abeelyaza;Hati2 pada penumpang yang berpura2 baik dan perhatian, jangan terpedaya, abang driver ojol ini kehilangan motor, hp dan dompetnya gara2 tdk tahan dirayu penumpangnya. #Saveojekonline http://www.transonlinewatch.com/kacau-diantar-ke-indramayu-perempuan-ini-gasak-motor-driver-ojek-online/ … waspadalah @Kesya_Kimberley @Paijo_Gemes @elpanjullo;False;;9;1;/abeelyaza/status/938244786720358402
5 Dec 2017;3:10 PM;@BarayaGrab;"#bgbkeepsolid
#saveojol
#saveojekonline
#grabganteng
#grabbandung
#grabbandungjuara… https://www.instagram.com/p/BcVqWUHhMRC/ ";False;;;;/BarayaGrab/status/938183885409652736
5 Dec 2017;12:19 AM;@RahyaMaya;http://bit.ly/2ARm0aQ  Alhamdulillah... Ojek Online di Semarang tetap beroperasi seperti biasa... Kabar baik buat warga Semarang... #SaveOjekOnline @SovietFoxtrot @lalasati @yunantyo2 @masinusina @hendrarprihadi @ganjarpranowo @provjatengpic.twitter.com/OBlFxLHY9u;False;;3;;/RahyaMaya/status/937959598173990912
4 Dec 2017;10:27 PM;@Krisna75an;Mogok ga narik, apa itu bisa menguntungkan angkot Magelang?ato bahkan warga akan berpaling darinya, coba pikirkan itu @InfoMagelang @ganjarpranowo http://www.transonlinewatch.com/awak-angkot-mogok-kendaraan-dinas-dikerahkan-angkut-pelajar/ … #SaveTransportasiOnline #saveojekonline @Kesya_Kimberley;False;;9;1;/Krisna75an/status/937931443107389440
4 Dec 2017;10:15 PM;@Indah_GDS;Proud of you pak walikota balikpapan, perwali ini yg dibutuhkan para driver ojol, supaya mereka punya payung hukum yg resmi, agar mereka lebih leluasa bekerja. @Dishub_Bpn gmn menurut bpk @Darmaningtyas http://www.transonlinewatch.com/catat-adanya-perwali-ojek-online-balikpapan-resmi-miliki-payung-hukum/ … #SaveOjekOnline;False;;;;/Indah_GDS/status/937928467097600001
4 Dec 2017;7:40 PM;@abeelyaza;Setuju dgn sosiolog UI, harusnya perusahaan aplikasi menyediakan penawaran pada custemr, mau driver laki apa perempuan, ato mau dua2nya, agar tidak ada pihak yg merasa dirugikan. @infojakarta http://www.transonlinewatch.com/sosiolog-ui-ungkap-faktor-utama-pelanggan-enggan-dibonceng-ojek-online-perempuan/ … @TIGORaja #saveojekonline @elpanjullo;False;;9;1;/abeelyaza/status/937889508606935041
4 Dec 2017;2:00 AM;@RahyaMaya;http://bit.ly/2A1EYfm   Kominfo @provjateng sudah mengadakan audiensi dengan sopir angkot... Sopir angkot menuntut pelarangan ojek online... Tuntutan seperti ini harusnya ditolak saja... Karena sekarang era digital... #SaveOjekOnline @ganjarpranowo @masinusina @yunantyo2 @qitmrpic.twitter.com/mAMvTQKw3K;False;;7;1;/RahyaMaya/status/937622528004014080
3 Dec 2017;11:35 PM;@RahyaMaya;http://bit.ly/2A18n9s  Sudah tidak benar ini, Polri harus usut tuntas masalah ini... #SaveOjekOnline @rasjawa @Habib_Insyaf @habibthink @ustadzthink @nukman @danrempic.twitter.com/3MaFnM2nqK;False;;3;;/RahyaMaya/status/937586185051914240
30 Nov 2017;11:41 PM;@Krisna75an;Makin kece aja nih driver Gojek, cantik pahlawan pula. Krn membantu korban tabrak lari.  http://www.transonlinewatch.com/driver-go-jek-wanita-jadi-pahlawan-bantu-korban-kecelakaan/ … perlu dicontoh noh perbuatan driver cantik ini. @Kesya_Kimberley #saveojekonline;False;;10;1;/Krisna75an/status/936500511250907136
29 Nov 2017;11:11 PM;@Indah_GDS;Pemkot Temanggung tutup ojek online karena organda tdk mampu bersaing, aneh !! sama2 warga temanggung kok driver ojol didiskriminasikan #saveojekonline http://www.transonlinewatch.com/tak-siap-bersaing-pemkab-temanggung-larang-transportasi-online/ … lapor pak @ganjarpranowo gmn nih menurut bpk, @InfoTemanggung;False;1;9;1;/Indah_GDS/status/936130503031242752
29 Nov 2017;10:10 PM;@abeelyaza;Hukum seberat2nya driver #grabbike, biar menjadi pelajaran buat driver yang lain #saveojekonline dari para driver2 yg tdk bertanggung jawab. http://www.transonlinewatch.com/polresta-denpasar-tetapkan-driver-grab-tersangka-kasus-perkosaan/ … @Kesya_Kimberley @Paijo_Gemes;False;;10;1;/abeelyaza/status/936115159210254336
29 Nov 2017;8:50 PM;@abeelyaza;@pemkotprob larang Gojek setelah ditekan oleh ASAP. Padahal driver Gojek itu termasuk warga Probolinggo juga. Bersaing sehat mungkin lebih keren kali ya, daripada main larang2an. #saveojekonline http://www.transonlinewatch.com/ditekan-asap-pemkot-probolinggo-larang-go-jek-beroperasi/ … perbaiki layanan,armadanya, dan jgn suka ngetem @Paijo_Gemes;False;;9;1;/abeelyaza/status/936094959983136768
29 Nov 2017;1:17 AM;@AnnisaSeptiayu;http://bit.ly/2Bz2ai3  Namanya ojol pengen mencari nafkah yg halal tanpa ada gangguan ancaman dr siapapun, terbukti ojol mengadakan dialog dgn opang pasca insiden pemukulan driver ojol di Jatinangor.  @lambeonlen @Kesya_Kimberley @DriverGojekPro @DriverPetualang #SaveOjekOnline pic.twitter.com/izeQ6XxoWi;False;;3;;/AnnisaSeptiayu/status/935799987555807233
28 Nov 2017;11:54 PM;@abeelyaza;"Alhamdulillah, uda berdamai ojol dan opang Sumedang, adem banget liatnya, gimana bang??
damai itu indah kan?? @MitraGojekYk #saveojekonline krn warga butuh banget transportasi ini.
http://www.transonlinewatch.com/alhamdulillah-kisruh-ojol-dan-opang-sumedang-berakhir-damai/ …";False;;10;1;/abeelyaza/status/935778989708165120
28 Nov 2017;8:02 PM;@edrik_ky;Wooww, ini untuk pertama kali bekasi menyediakan parkir untuk ojek online. @InfoBekasi @syaikhu_ahmad Bekasi emang keren, kalau bekasi bisa, daerah yang lan juga bisa dunkk #savetransportasionline #saveojekonline @Kesya_Kimberleypic.twitter.com/Qrc5IKoiPZ;False;;10;1;/edrik_ky/status/935720632913981445
27 Nov 2017;11:34 PM;@Indah_GDS;Driver @gojekindonesia bikin hati cenat cenut, hehehehe,,, http://www.transonlinewatch.com/viral-driver-go-jek-ganteng-berfoto-bersama-nukman-luthfie-pengusaha-kaya/ … @Kesya_Kimberley #saveojekonline pengusaha kaya @nukman merasakan manfaat ojek online.;False;;9;1;/Indah_GDS/status/935411512222498816
27 Nov 2017;8:25 PM;@RahyaMaya;http://bit.ly/2AdcWNa  Jahat bener ini kelakuan opang di Jatinangor... Lagi-lagi ojol jadi korbannya... #SaveOjekOnline @ustadzthink @SiegerAnwalt @wakilgubernurKW @triwul82 @MasTBP_ @Habib_Insyafpic.twitter.com/xXEup5Ojgl;False;;4;;/RahyaMaya/status/935364038317371392
27 Nov 2017;6:26 PM;@abeelyaza;#Saveojekonline dari orang2 yg semena2 dgn ojek online @TIGORaja klo melihat fenomena ini, sptnya payung hukum utk ojek online hrs ada loh pak @hubdat151http://www.transonlinewatch.com/motor-driver-ojol-dirusak-opang-jok-patah-dan-lampu-belakang-rusak/ …;False;;9;1;/abeelyaza/status/935333944492400640
27 Nov 2017;12:00 AM;@Indah_GDS;Menurut @Djokosetijowarno ojol bisa diatur melalui perda, lah kok beda dgn pernyataan pak @Darmaningtyas #saveojekonline http://www.transonlinewatch.com/pengamat-menilai-ojek-online-diatur-layaknya-becak-delman-dokar-dan-andong/ … @Kesya_Kimberley;False;1;1;;/Indah_GDS/status/935055709242212352
26 Nov 2017;11:45 PM;@RahyaMaya;http://bit.ly/2k0GQOd  Pengamat Transportasi dari @unika_soegija Pak Djoko Setijowarno setuju dengan adanya peraturan yang mengatur ojek online meski levelnya di daerah... #SaveOjekOnline @ganjarpranowo @yunantyo2 @Darmaningtyas @KotaSMG @infosemarang_id @provjateng @masinusinapic.twitter.com/RJEO52WJef;False;2;6;2;/RahyaMaya/status/935052011594170368
26 Nov 2017;11:16 PM;@Vita_lchow;Haduh, ini kelakuan opang ga terpuji banget, bersaing sehat apa ga bisa, napa pke blokir jalan raya, #saveojekonline dari opang2 yang sok menguasai dunia per-ojekan http://www.transonlinewatch.com/brutal-ribuan-opang-jatinangor-blokir-jalan-raya-tolak-ojek-online/ … @Paijo_Gemes @Kesya_Kimberley;False;;11;1;/Vita_lchow/status/935044542008516608
26 Nov 2017;8:56 PM;@abeelyaza;Wahh, ini mahasiswa apaan sih, kok pemikirannya spt anak yg ga pernah makan bangku sekolah http://www.transonlinewatch.com/cibir-profesi-ojek-online-mahasiswa-diburu-para-driver/ … @Kesya_Kimberley #Saveojekonline @BangDoel1981;False;;10;1;/abeelyaza/status/935009428348198912
25 Nov 2017;2:44 AM;@Indah_GDS;Diduga Rem Blong, Kopaja P20 seruduk 2 mobil dan 2 driver ojol, terbukti kan ga amannya naik angkot? #saveojekonline jgn salahkan masyarakat jika lebih memilih transprtasi online #SaveTransportasiOnline @Kesya_Kimberleyhttp://www.transonlinewatch.com/diduga-rem-blong-kopaja-p20-seruduk-2-mobil-dan-dua-driver-ojek-online/ …;False;;;;/Indah_GDS/status/934372307023290368
25 Nov 2017;12:52 AM;@RahyaMaya;http://bit.ly/2jWySWn  Ini benar banget... Aku setuju dengan isi berita ini... Lagipula ojek online lebih cepat dan praktis lagi... #SaveOjekOnline @tigoraja @alvinlie21 @Kesya_Kimberley @deddot05pic.twitter.com/WMfyH4W80r;False;;4;;/RahyaMaya/status/934343947572224001
24 Nov 2017;10:54 PM;@abeelyaza;Ini loh salah satu alasan kenapa masyarakat lebih memilih ojol, karena angkot jangkauannya terbatas, jadi @Organda harap memahami ini ya, stop demo2 mulu. #saveojekonline @Paijo_Gemes http://www.transonlinewatch.com/masyarakat-gunakan-ojek-online-jangkauan-angkot-terbatas/ …;False;;9;1;/abeelyaza/status/934314439175651328
24 Nov 2017;10:44 PM;@RahyaMaya;http://bit.ly/2zn6UWC  Ya semakin cepat dipanggil oleh Menhub @BudiKaryaS semakin bagus... #SaveOjekOnline @hubdat151 @lambeonlen @DriverGojekPro @DriverPetualang @kemenhub151pic.twitter.com/63qsCZafI5;False;;3;;/RahyaMaya/status/934311788039905281
24 Nov 2017;10:22 PM;@RahyaMaya;http://bit.ly/2zkwmvL  Aku suka foto ini... Menyejukkan... Sudah seharusnya seperti ini... Tak ada konflik... Akur dan damai bahkan penuh canda tawa.... #SaveOjekOnline @danarrhadi @ILoSanre @CandoelSlankers @baciritaID @hariadhipic.twitter.com/YoGwtbgxT8;False;;6;2;/RahyaMaya/status/934306191823343616
24 Nov 2017;9:54 PM;@abeelyaza;Setuju pak @BudiKaryaS ajak mereka berbicara dari hati ke hati, carikan solusinya, supaya tidak ada demo2 lagi #saveojekonline klo kebanyakan demo, yg dirugikan warga http://www.transonlinewatch.com/para-operator-ojek-online-bakal-dipanggil-menhub/ … @Kesya_Kimberley;False;1;9;1;/abeelyaza/status/934299109959204864
24 Nov 2017;9:11 PM;@Indah_GDS;Kebersamaan yang indah, terasa damai dan sejuk dipandang @MitraGojek1 @GrabJakmania http://www.transonlinewatch.com/keren-mang-ojek-pangkalan-becak-dan-ojek-online-ngopi-bareng/ … #saveojekonline @Paijo_Gemes;False;;10;2;/Indah_GDS/status/934288358511140865
24 Nov 2017;8:13 PM;@Indah_GDS;Pengamat transportasi Dharmaningtyas tidak setuju legalisasi ojek online. Gmn klo menurut bang @elpanjullo http://www.transonlinewatch.com/pengamat-transportasi-tidak-setuju-legalisasi-ojek-online/ … #saveojekonline;False;;;;/Indah_GDS/status/934273742510768128
23 Nov 2017;11:59 PM;@abeelyaza;Wah, kenapa nih pihak Grab nggak mau menanggapi tuntutan drivernya yang minta dukungan regulasi bagi pengemudi ojek online #SaveOjekOnline http://www.transonlinewatch.com/waduh-grab-enggan-menanggapi-tuntutan-driver-ojek-online/ … @Kesya_Kimberley @GrabJakmania;False;;;;/abeelyaza/status/933968211762069504
23 Nov 2017;11:11 PM;@abeelyaza;Memang tidak mudah membuat aturan dan UU, tapi aspirasi driver harus dipikirkan pak @hubdat151 bukan hanya ditampung, mereka juga butuh kejelasanan hukum, biar aman dan nyaaman dalam berkerja. #SaveOjekOnline http://www.transonlinewatch.com/dituntut-bikin-legalisasi-ojek-online-jawaban-kemenhub/ … @Paijo_Gemes;False;1;;;/abeelyaza/status/933956288089690112
23 Nov 2017;10:40 PM;@andiksujitno;Sebenarnya bagus juga sih pembatasan kuota, supaya tidak ada pembeludakan taksi online, bisa mengurangi kemacetan juga #Saveojekonline http://www.transonlinewatch.com/dapat-arahan-kemenhub-dishub-badung-batasi-kuota-taksi-online/ … @Kesya_Kimberley;False;;9;1;/andiksujitno/status/933948541818376192
23 Nov 2017;10:25 PM;@andiksujitno;Ini loh yang diperjuangkan para driver ojek online saat demo kemaren. hanya kejelasan payung hukum, taksi aja sudah jelas payung hukumnya, kenapa ojek nggak? @hubdat151 #saveojekonline @Paijo_Gemes pic.twitter.com/GnWRnFBfSO;False;;9;1;/andiksujitno/status/933944769344036865
23 Nov 2017;10:15 PM;@Indah_GDS;Pak @BudiKaryaS ini yg kami takutkan jika ojek online tidak dipayungi hukum. #saveojekonline @Kesya_Kimberleypic.twitter.com/ja7GTbmYBE;False;1;9;2;/Indah_GDS/status/933942084318281730
23 Nov 2017;9:57 PM;@elpanjullo;Aye sebagai pelanggan sejati ojek online, aye mendukung para driver ojek online untuk menyampaikan aspirasinya kemarin... Dah gitu, aye juga mendukung agar ojek online mempunyai regulasi hukum yang jelas biar para drivernya tenang... #SaveOjekOnline pic.twitter.com/QOVagXSKdD;False;;14;8;/elpanjullo/status/933937636397408256
23 Nov 2017;9:27 PM;@AnnisaSeptiayu;http://bit.ly/2BhCZAF  Anak-Anak SD pun mendukung perjuangan driver taksi online.... #SaveOjekOnline @DriverGojekPro @GoTotheJek @DriverPetualang @Gojek_Malang_ @gojekindonesiapic.twitter.com/1hMzvFn55q;False;;4;;/AnnisaSeptiayu/status/933930047974473728
23 Nov 2017;9:01 PM;@AnnisaSeptiayu;http://bit.ly/2zicrNX  Jangan cuma aspirasinya saja ditangkap pak Menhub @BudiKaryaS tapi diwjudkan secara nyata.... #SaveOjekOnline @kemenhub151 @hubdat151 @GoTotheJek @DriverGojekPro @DriverPetualangpic.twitter.com/otJ1h0g8Fa;False;;3;;/AnnisaSeptiayu/status/933923405677477888
23 Nov 2017;8:48 PM;@RahyaMaya;http://bit.ly/2zjr5F2  Ini bukti pihak istana open terhadap driver ojek online... Semoga aspirasi ojek online didengar dan diwujudkan aksi nyata.... #SaveOjekOnline @dudeofrock @ely_susianti @triwul82 @P3nj3l4j4h @Aryprasetyo85 @jokowipic.twitter.com/h8YkUbCjjp;False;;14;8;/RahyaMaya/status/933920267239276544
23 Nov 2017;8:39 PM;@RahyaMaya;http://bit.ly/2zhR13C  Ya aku mendukung langkah Bang @TIGORaja untuk uji materi ke MK terkait regulasi ojek online... #SaveOjekOnline @alvinlie21 @Darmaningtyas @kemenhub151 @BudiKaryaSpic.twitter.com/jWDn0SWrA4;False;1;3;1;/RahyaMaya/status/933918072137646080
23 Nov 2017;6:59 PM;@BangDoel1981;Ojek Online keberadaannya yg seperti anak haram, tidak diakui tapi sangat dibutuhkan #SaveOjekOnline pic.twitter.com/uqvch9BuOw;False;1;5;2;/BangDoel1981/status/933892774830620673
23 Nov 2017;6:54 PM;@kumalasan_dy;Nih apa kata pak @jokowi tentang transportasi online #saveojekonline karena banyak banget manfaatnya @TIGORaja @Paijo_Gemespic.twitter.com/B3RgzvH5l6;False;;;;/kumalasan_dy/status/933891477251301376
22 Nov 2017;11:52 PM;@kumalasan_dy;@TIGORaja saya juga mengamini pernyataan abang,smoga 6 driver yg dipanggil pihak istana ada dipihak para driver ojek online #Saveojekonline http://www.transonlinewatch.com/istana-undang-6-orang-perwakilan-massa-aksi-pengemudi-ojek-online/ … @Kesya_Kimberley;False;;11;1;/kumalasan_dy/status/933604169105137664
22 Nov 2017;11:08 PM;@abeelyaza;Terharu banget, para driver ojek online diberikan semangat oleh anak2 SD. Semangta om, semangat om #saveojekonline http://www.transonlinewatch.com/terharu-anak-sd-semangati-massa-aksi-driver-ojek-online/ … tolong dengarkan suara hati mereka pak @BudiKaryaS @TIGORaja @Paijo_Gemes;False;;13;5;/abeelyaza/status/933593050219028480
22 Nov 2017;10:59 PM;@abeelyaza;Woow, salut pada driver ojek online, penuh semangat berjalan kaki dari monas menuju kemenhub @hubdat151 mereka menuntut kejelasan payung hukum spt taksol http://www.transonlinewatch.com/massa-gabungan-ojek-online-jalan-kaki-monas-menuju-kemenhub/ … #Saveojekonline @gojekindonesia @grabid @Uber_IDN;False;;9;2;/abeelyaza/status/933590786179923968
22 Nov 2017;10:37 PM;@elpanjullo;Salam Satu Aspal!! Pokoknye aye dukung dah keberadaan ojek online di Indonesia... #SaveOjekOnline pic.twitter.com/Od8CptFJgk;False;;7;3;/elpanjullo/status/933585311312920576
22 Nov 2017;10:32 PM;@elpanjullo;Aye sih mendukung ojek online dijadikan alat transportasi massal... Soalnye aye langganan ojek online.... Lagian kagak ada salahnye kok dijadikan transportasi massal... #SaveOjekOnline pic.twitter.com/7w9aTlicdU;False;1;10;5;/elpanjullo/status/933584140431015936
22 Nov 2017;10:23 PM;@Indah_GDS;Demo kali ini para driver ojek online menuntut kejelasan payung hukum @hubdat151 #saveojekonline @TIGORajahttp://www.transonlinewatch.com/tak-pria-driver-ojek-online-wanita-ikut-demo/ …;False;;9;1;/Indah_GDS/status/933581715926171648
22 Nov 2017;10:00 PM;@Indah_GDS;@TIGORaja #Saveojekonline @MitraGojek1pic.twitter.com/Q8eVLK0cqw;False;;;;/Indah_GDS/status/933575854256295936
22 Nov 2017;9:46 PM;@AnnisaSeptiayu;http://bit.ly/2jSdW2F  Tetap semangat untuk memperjuangkan aspirasinya untuk para driver ojek online... #SaveOjekOnline @GoTotheJek @DriverPetualang @DriverGojekPro @BangDoel1981pic.twitter.com/ykrgHxEZtG;False;;6;1;/AnnisaSeptiayu/status/933572362158534656
22 Nov 2017;9:19 PM;@abang_gemesz;"#Saveojekonline 
@DriverGojekPro 
@gojekindonesia 
@Uber_IDN 
@GrabID
@okyteapic.twitter.com/HUoh2bkzsF";False;;5;;/abang_gemesz/status/933565588961607680
22 Nov 2017;9:11 PM;@abeelyaza;Demo itu ga menyelesaikan masalah kale, yg terpenting pelayanan yg harus di perbaiki, klo angkot Tomohon merasa tersaingi, perbaiki armadanya, dan jgn sering2 ngetem http://www.transonlinewatch.com/gelar-aksi-demonstrasi-ratusan-sopir-angkot-tuntut-penutupan-izin-aplikasi-taksi-online/ … #Saveojekonline @Kesya_Kimberley @infoSULUT;False;;9;1;/abeelyaza/status/933563533278642176
22 Nov 2017;9:10 PM;@abang_gemesz;"#Saveojekonline 
Angkot aja di hapus. pic.twitter.com/7wL0e92NKI";False;;;;/abang_gemesz/status/933563423488536577
22 Nov 2017;8:27 PM;@Indah_GDS;#Saveojekonline karena transportasi jaman Now ya ojek online dunk @MitraGojekSala3 @GrabJakmania @Uber_IDN @http://www.transonlinewatch.com/ojek-online-transportasi-zaman-now/;False;;9;2;/Indah_GDS/status/933552591811747841
20 Oct 2017;2:53 AM;@Jihanfatheema2;#saveojekonline #setiapadagrab #hidupgrab;False;;;;/Jihanfatheema2/status/921313338256060416
15 Oct 2017;10:04 PM;@Feze46;"Aksi damai ojek online Bandung raya, 16 Oktober 2017
https://youtu.be/m_4MMMdie6k 
#saveojol #saveojekonline #ojekonline #Gojek #Uber #Grab";False;;;;/Feze46/status/919791191645765632
15 Oct 2017;8:04 PM;@agendurian;"Inilah kelakuan emak2 yg butuh ojek buat anter jemput anak sekolah,  hahahaha
.
.
.
.
..
#SAVEOJEKONLINE BALIKPAPAN";False;;;;/agendurian/status/919760810242555906
12 Oct 2017;12:06 AM;@yulianurulfatim;Aku terlanjur cinta... dia..... #ojekonline #saveojekonline;False;;;;/yulianurulfatim/status/918372170455060480
11 Oct 2017;10:57 PM;@Trivan27Saragih;Jika ojek online dihentikan, kemana lagi aku harus mencari penumpang? #saveojekonline  https://www.instagram.com/p/BaIxX52FeNZ/ ;False;;;;/Trivan27Saragih/status/918355032050995200
10 Oct 2017;6:12 AM;@ekaayuastrini;kalo bete bawaannya nyinyir #saveojekonline;False;1;;1;/ekaayuastrini/status/917739704153280518
6 Oct 2017;1:44 AM;@heribertushp;"#saveojekonline
#save_ojek_online http://fb.me/8CacHhAiS ";False;;;;/heribertushp/status/916222521875226624
27 Sep 2017;9:18 PM;@daengdayat;Patanna oloanga.. Huhh kampudess #SaveOjekOnline https://twitter.com/DiskominfoMks/status/913253272961433600 …;False;;;;/daengdayat/status/913256652089856000
26 Sep 2017;3:30 AM;@YunantoIndra;#saveojekonline #saveangkutanonline;True;;;;/YunantoIndra/status/912625445610254336
25 Sep 2017;8:58 PM;@willysinggih;Save ojek online #saveojek #saveojekonline;False;;;;/willysinggih/status/912526662067118080
25 Sep 2017;8:54 PM;@willysinggih;Dgn ojekonline saya tdk khawatir plg larut malam, selalu ada armada #saveojekonline @Uber_IDN @gojekindonesia @e100ss;False;;1;;/willysinggih/status/912525721842487296
25 Sep 2017;4:20 AM;@valerimagdalena;Tarif jelas, gak pake ngetem, bisa dianter kemana aja gak harus di jalan protokol utama, nyarinya gampang, gak pakai macet. #saveojekonline;True;1;1;4;/valerimagdalena/status/912275644016336902
17 Sep 2017;4:35 PM;@hery15irawan;Opang katro #SaveOjekOnline https://twitter.com/arfiant_andrew/status/909216934943531008 …;False;;;;/hery15irawan/status/909561407221329920
4 Sep 2017;2:19 PM;@Andyqiting;Dukung ojekonline di Lampung, https://www.change.org/p/walikota-bandar-lampung-save-transportasi-online-lampung/fbog/575892482?recruiter=575892482&utm_source=share_petition&utm_medium=facebook&utm_campaign=share_petition&utm_term=share_page … #saveojekonline #saveojekonlinelampung @GrabID @gojekindonesia @grabbike_indo;False;2;;;/Andyqiting/status/904816298500145152
21 Aug 2017;3:48 AM;@RiderGojekAKAP;#SaveOjekOnline  https://twitter.com/temanAhok/status/899564010466533376 …;False;;;;/RiderGojekAKAP/status/899583868574892033
14 Aug 2017;5:33 AM;@Kesya_Kimberley;MERDEKA DI MATA OJEK ONLINE . social eksperiment yg mnarik #saveOjekOnline kata abang ojolnya enakn @gojekindonesiahttps://www.youtube.com/watch?v=ArlXXQQjnFg&feature=share …;False;;;;/Kesya_Kimberley/status/897073604587692032
2 Aug 2017;1:13 AM;@robbani023;#salam_satu_aspal #SalamSatuAspal #saveojekonline #ojekonlinepic.twitter.com/QPBUoex3xw;False;;;;/robbani023/status/892659573609201664
2 Aug 2017;12:40 AM;@PutraBadai13;ANGKUTAN DARING: Jangan Larang Gojek di Tegal http://angkutandaring.blogspot.com/2017/07/jangan-larang-gojek-di-tegal.html?spref=tw … #SaveOjekOnline;False;;;;/PutraBadai13/status/892651417747337216
2 Aug 2017;12:40 AM;@AqilaPrj;ANGKUTAN DARING: Jangan Larang Gojek di Tegal http://angkutandaring.blogspot.com/2017/07/jangan-larang-gojek-di-tegal.html?spref=tw … #SaveOjekOnline;False;;;;/AqilaPrj/status/892651417604825088
2 Aug 2017;12:40 AM;@suarakebebasan2;ANGKUTAN DARING: Jangan Larang Gojek di Tegal http://angkutandaring.blogspot.com/2017/07/jangan-larang-gojek-di-tegal.html?spref=tw … #SaveOjekOnline;False;;;;/suarakebebasan2/status/892651417596329984
2 Aug 2017;12:40 AM;@PrasrayaTa;ANGKUTAN DARING: Jangan Larang Gojek di Tegal http://angkutandaring.blogspot.com/2017/07/jangan-larang-gojek-di-tegal.html?spref=tw … #SaveOjekOnline;False;;;;/PrasrayaTa/status/892651417558581248
2 Aug 2017;12:40 AM;@Jonokeleus;ANGKUTAN DARING: Jangan Larang Gojek di Tegal http://angkutandaring.blogspot.com/2017/07/jangan-larang-gojek-di-tegal.html?spref=tw … #SaveOjekOnline;False;;;;/Jonokeleus/status/892651417533415424
2 Aug 2017;12:40 AM;@funz999;ANGKUTAN DARING: Jangan Larang Gojek di Tegal http://angkutandaring.blogspot.com/2017/07/jangan-larang-gojek-di-tegal.html?spref=tw … #SaveOjekOnline;False;;;;/funz999/status/892651417516691457
2 Aug 2017;12:40 AM;@AbyanNandaku;ANGKUTAN DARING: Jangan Larang Gojek di Tegal http://angkutandaring.blogspot.com/2017/07/jangan-larang-gojek-di-tegal.html?spref=tw … #SaveOjekOnline;False;;;;/AbyanNandaku/status/892651417457971200
2 Aug 2017;12:15 AM;@suarakebebasan2;Rudy Gunawan: Pak Bupati Tolong Izinkan Gojek Beroperasi di Garut - Tandatangani Petisi! https://www.change.org/p/rudy-gunawan-pak-bupati-tolong-izinkan-gojek-beroperasi-di-garut?recruiter=751556131&utm_source=share_petition&utm_medium=twitter&utm_campaign=share_petition&utm_term=share_petition … #SaveOjekOnline;False;;;;/suarakebebasan2/status/892645120834543616
2 Aug 2017;12:15 AM;@PutraBadai13;Rudy Gunawan: Pak Bupati Tolong Izinkan Gojek Beroperasi di Garut - Tandatangani Petisi! https://www.change.org/p/rudy-gunawan-pak-bupati-tolong-izinkan-gojek-beroperasi-di-garut?recruiter=751556131&utm_source=share_petition&utm_medium=twitter&utm_campaign=share_petition&utm_term=share_petition … #SaveOjekOnline;False;;;;/PutraBadai13/status/892645120616431616
2 Aug 2017;12:15 AM;@PrasrayaTa;Rudy Gunawan: Pak Bupati Tolong Izinkan Gojek Beroperasi di Garut - Tandatangani Petisi! https://www.change.org/p/rudy-gunawan-pak-bupati-tolong-izinkan-gojek-beroperasi-di-garut?recruiter=751556131&utm_source=share_petition&utm_medium=twitter&utm_campaign=share_petition&utm_term=share_petition … #SaveOjekOnline;False;;;;/PrasrayaTa/status/892645120582877184
2 Aug 2017;12:15 AM;@Jonokeleus;Rudy Gunawan: Pak Bupati Tolong Izinkan Gojek Beroperasi di Garut - Tandatangani Petisi! https://www.change.org/p/rudy-gunawan-pak-bupati-tolong-izinkan-gojek-beroperasi-di-garut?recruiter=751556131&utm_source=share_petition&utm_medium=twitter&utm_campaign=share_petition&utm_term=share_petition … #SaveOjekOnline;False;;;;/Jonokeleus/status/892645120557760512
2 Aug 2017;12:15 AM;@AqilaPrj;Rudy Gunawan: Pak Bupati Tolong Izinkan Gojek Beroperasi di Garut - Tandatangani Petisi! https://www.change.org/p/rudy-gunawan-pak-bupati-tolong-izinkan-gojek-beroperasi-di-garut?recruiter=751556131&utm_source=share_petition&utm_medium=twitter&utm_campaign=share_petition&utm_term=share_petition … #SaveOjekOnline;False;;;;/AqilaPrj/status/892645120515874817
2 Aug 2017;12:15 AM;@funz999;Rudy Gunawan: Pak Bupati Tolong Izinkan Gojek Beroperasi di Garut - Tandatangani Petisi! https://www.change.org/p/rudy-gunawan-pak-bupati-tolong-izinkan-gojek-beroperasi-di-garut?recruiter=751556131&utm_source=share_petition&utm_medium=twitter&utm_campaign=share_petition&utm_term=share_petition … #SaveOjekOnline;False;;;;/funz999/status/892645120427687937
2 Aug 2017;12:15 AM;@AbyanNandaku;Rudy Gunawan: Pak Bupati Tolong Izinkan Gojek Beroperasi di Garut - Tandatangani Petisi! https://www.change.org/p/rudy-gunawan-pak-bupati-tolong-izinkan-gojek-beroperasi-di-garut?recruiter=751556131&utm_source=share_petition&utm_medium=twitter&utm_campaign=share_petition&utm_term=share_petition … #SaveOjekOnline;False;;;;/AbyanNandaku/status/892645120394182656
8 Jul 2017;9:56 PM;@nessiakesuma;"#saveojekonline
STOP ORDER FIKTIF 
DI APLIKASI 
OJEK ONLINE";False;;;;/nessiakesuma/status/883912707111563264
6 Jun 2017;7:23 AM;@desysihombing1;#SaveOjekOnline pic.twitter.com/qnqwvL9H6O;False;;;;/desysihombing1/status/872096640143826944
31 May 2017;7:36 PM;@Ltfzl19;Saat puasa, menjelang lebaran yg pasti banyak yg butuh duit ,tiba2 mata pencaharian nya di berhentiin gini  #SaveGojekBatam #SaveOjekOnline pic.twitter.com/tI7RIkOLL5;False;;;;/Ltfzl19/status/870106635145957376
4 Apr 2017;5:50 AM;@AldiYuvia;Indonesia membutuhkan orang2 yg peduli bukan hanya berhenti membuat kemacetan dan menonton tanpa melakukan aksi berani.. #SaveOjekOnline https://twitter.com/ridu/status/848796508937871360 …;False;;;;/AldiYuvia/status/849242824646184964
29 Mar 2017;6:03 PM;@satriaeckoe;Ayo dukung transportasi aman dab mudah #saveojekonline;False;;;;/satriaeckoe/status/847252967086370818
29 Mar 2017;4:37 AM;@raestu27;Manga In Office: Selamatkan Transportasi Online http://mangainoffice.blogspot.com/2017/03/selamatkan-transportasi-online.html?spref=tw … #saveojekonline;False;1;;;/raestu27/status/847049955659329537
28 Mar 2017;5:38 PM;@septinuraini;"penumpang butuh transportasi cepat dan murah, bukan yang bilang langsung jalan taunya  ngetem 1/2 jam.
#SaveOjekOnline";False;;;;/septinuraini/status/846884235088605184
28 Mar 2017;8:40 AM;@AkiemzM;#SaveOjekOnline [pic] — https://path.com/p/1K5hvE ;False;;;;/AkiemzM/status/846748852266840064
23 Mar 2017;8:46 PM;@resasardiansyah;Mohon diberikan solusi untuk penjembutan penumpang online @TMCPoldaMetro @Restro_Jaksel @infoDISHUB agar semua nyaman & aman #saveojekonline pic.twitter.com/dHotIzDiVh;False;;;1;/resasardiansyah/status/845119489456783360
23 Mar 2017;5:29 AM;@Bara_Poetri;"Betul..  #saveojekonline ""@amickARJ: Aduh https://twitter.com/aMrazing/status/844820166240198657 …""";False;;;;/Bara_Poetri/status/844888948019118080
23 Mar 2017;2:39 AM;@ryanboomz;#saveojekonline #savetaxionline [pic] —https://path.com/p/8Y2YX ;False;;;;/ryanboomz/status/844846086019678209
23 Mar 2017;2:38 AM;@ryanboomz;#saveojekonline #savetaxionline [pic] — https://path.com/p/2PhBEq ;False;;;;/ryanboomz/status/844845796306567170
22 Mar 2017;7:45 AM;@Leeshinhyeon;"Kapan?? #saveBogor
#saveAngkotBogor
#saveOjekOnline
#saveINDONESA https://www.instagram.com/p/BR8bjqkj_WA/ ";False;;;;/Leeshinhyeon/status/844560658658156545
22 Mar 2017;3:45 AM;@BillyFunky;Ya Allah knp jadi begini yah #saveojekonline  https://twitter.com/OfficialiNewsTV/status/844486883295936512 …;False;;;;/BillyFunky/status/844500332004569089
22 Mar 2017;2:00 AM;@GrabJakmania;Bogor kembali zona merah Tetap berhati2 dan waspada saudara 1 aspal.. #SaveOjekOnline pic.twitter.com/rsMm0qNf57;False;;16;6;/GrabJakmania/status/844473750171009026
21 Mar 2017;5:54 PM;@RoniDewanta;#saveojekonline http://fb.me/1Xg49nMsU ;False;;;;/RoniDewanta/status/844351421906608128
21 Mar 2017;3:06 AM;@GrabJakmania;Memasuki wilayah bogor wajib copot atribut online! Sudah banyak rekan kita dikeroyok #SaveOjekOnline;False;3;24;8;/GrabJakmania/status/844127953650769921
14 Mar 2017;4:02 AM;@MitraGojekYk;#saveojekonline https://twitter.com/asakecil/status/841257341844561922 …;False;;;;/MitraGojekYk/status/841605547572961280
13 Mar 2017;2:38 AM;@ruthaudya;#saveojekonline #savetaxionline jangan sampai yogyakarta berhenti nyaman. Ayo tandatangani petisi ini! https://www.change.org/p/gubernur-diy-tolong-batalkan-rencana-peraturan-gubernur-diy-berkaitan-dengan-taksi-online-di-yogyakarta?utm_medium=email&utm_source=notification&utm_campaign=petition_signer_receipt&share_context=signature_receipt&recruiter=694544552 …;False;;3;;/ruthaudya/status/841221863279755264
13 Mar 2017;2:37 AM;@ruthaudya;#saveojekonline #savetaxionline jangan sampai yogyakarta berhenti nyaman. Ayo tandatangani petisi  https://www.change.org/p/gubernur-diy-tolong-batalkan-rencana-peraturan-gubernur-diy-berkaitan-dengan-taksi-online-di-yogyakarta?utm_medium=email&utm_source=notification&utm_campaign=petition_signer_receipt&share_context=signature_receipt&recruiter=694544552 …;True;;;;/ruthaudya/status/841221646782418946
12 Mar 2017;10:42 PM;@auaul;terimakasih bapak gojek,sgt membantu dikala males masak #saveojekonline  [pic] — https://path.com/p/2LGbOl ;False;;;;/auaul/status/841162528612741120
12 Mar 2017;5:33 PM;@ruthaudya;YES YES YES ABAOLUTELY YES! #saveojekonline https://twitter.com/swaragamafm/status/841080042499141632 …;False;;;;/ruthaudya/status/841084656988561409
11 Mar 2017;10:44 PM;@ruthaudya;#saveojekonline #saveojekonline #saveojekonline #saveojekonline #saveojekonline #saveojekonline. jangan sampai Yogyakarta berhenti nyaman;False;1;;;/ruthaudya/status/840815687291482112
11 Mar 2017;7:05 AM;@dionnshakey;"#savetransportasionline #saveojekonline ..
Jangan matikan kreatifitas anak bangsa ,persaingan bisnis itu biasa .. #gojek #gocar #uber #grab";False;;14;1;/dionnshakey/status/840579401137905664
10 Mar 2017;4:30 AM;@Bagusheryadi3;Mari rapatkan barisan kita bela kawan rekan sodara seprofesi..kita juga manusia butuh makan .kita kerja bukan mencuri/rampok #saveojekonline;False;;;;/Bagusheryadi3/status/840177925760589825
10 Mar 2017;3:20 AM;@jeconiahri;kesel sih kesel, tpi gausah rusuh dong pake nabrak2 segala #SaveOjekOnline;False;;;;/jeconiahri/status/840160492911906816
9 Mar 2017;4:16 PM;@evaseptiana07;Bang iyus memberi keterangan kasus sopir angkot tabrak druver ojek online #SaveOjekOnline pic.twitter.com/d8k4WPqWPp;False;;1;;/evaseptiana07/status/839993218288648192
9 Mar 2017;4:11 PM;@evaseptiana07;Temanku lagi diwawancarai #SaveOjekOnline pic.twitter.com/InknO2VKBn;False;;1;;/evaseptiana07/status/839992053975064578
8 Mar 2017;8:28 PM;@ramandadimas18;#saveojekonline;False;;;;/ramandadimas18/status/839694383221915648
8 Mar 2017;9:49 AM;@MitraGojekYk;#saveojekonline https://twitter.com/nadyahs/status/839533133343043584 …;False;;;;/MitraGojekYk/status/839533656762806272
8 Mar 2017;8:11 AM;@nadruladi16;"Lg ada incident di TNG,  sopir angkot vs ojek online td jam 17.40 terlhat video sopir angkot menbrk pengemudi ojek online. 
#saveojekonline";False;;;;/nadruladi16/status/839508861639761920
8 Mar 2017;7:57 AM;@evaseptiana07;Apapun bentuknya gw tetap dukung ojek online #SaveOjekOnline;False;;1;;/evaseptiana07/status/839505285005746176
8 Mar 2017;6:40 AM;@amalia_rhea;Kenapa harus saling menyakiti?bukankah kita saudara?damai lebih Indah...#saveojekonline;False;;;;/amalia_rhea/status/839486043971674116
7 Mar 2017;11:46 PM;@furqonbsaputro;@GrabID min coba dong di tanggepin masalah yg di tanggerang yg sdg berlangsung #saveojekonline pic.twitter.com/COZm6F9YlQ;False;;;;/furqonbsaputro/status/839381795871178752
21 Jan 2017;4:38 PM;@nickoanggoro;Bismillah #ojek_online #saveojekonline #gojek_on #ojokendorrrrrrrr (at @ptkai) [pic] —https://path.com/p/3pbpan ;False;;;;/nickoanggoro/status/822966571496710144
